word,sign_video_url,sign_source,sign_lookup_url,status,notes
ableism,https://player.vimeo.com/external/391145602.sd.mp4?s=2ca0e6972a2bfd05200ac4957fa195c0032751bd&profile_id=164,SignASL,https://www.signasl.org/sign/ableism,matched-sign-video,
ableist,,,https://www.signasl.org/sign/ableist,no-exact-single-word-video-found,
about,https://media.signbsl.com/videos/asl/aslsignbank/mp4/ABOUT-2042.mp4,SignASL,https://www.signasl.org/sign/about,matched-sign-video,
abuse,https://media.signbsl.com/videos/asl/aslsignbank/mp4/HIT-148.mp4,SignASL,https://www.signasl.org/sign/abuse,matched-sign-video,
accessibility,https://media.signbsl.com/videos/asl/aslsignbank/mp4/SPACE-269.mp4,SignASL,https://www.signasl.org/sign/accessibility,matched-sign-video,
accessible,https://media.signbsl.com/videos/asl/youtube/mp4/MJVl8RzRd8k.mp4,SignASL,https://www.signasl.org/sign/accessible,matched-sign-video,
action,https://media.signbsl.com/videos/asl/signlanguagestudent/mp4/action.mp4,SignASL,https://www.signasl.org/sign/action,matched-sign-video,
actions,,,https://www.signasl.org/sign/actions,no-exact-single-word-video-found,"SignASL gloss is ""action""."
addition,https://media.signbsl.com/videos/asl/signlanguagestudent/mp4/addition.mp4,SignASL,https://www.signasl.org/sign/addition,matched-sign-video,
additional,https://media.signbsl.com/videos/asl/aslsearch/mp4/additional.mp4,SignASL,https://www.signasl.org/sign/additional,matched-sign-video,
administration,https://player.vimeo.com/external/391150925.sd.mp4?s=6abfb0d533bf3765b2b6b807b1e1ce1145f610e8&profile_id=164,SignASL,https://www.signasl.org/sign/administration,matched-sign-video,
again,https://media.signbsl.com/videos/asl/startasl/mp4/again.mp4,SignASL,https://www.signasl.org/sign/again,matched-sign-video,
agendas,,,https://www.signasl.org/sign/agendas,no-exact-single-word-video-found,"SignASL gloss is ""agenda""."
ahead,https://media.signbsl.com/videos/asl/signlanguagestudent/mp4/ahead.mp4,SignASL,https://www.signasl.org/sign/ahead,matched-sign-video,
also,https://media.signbsl.com/videos/asl/signlanguagestudent/mp4/too.mp4,SignASL,https://www.signasl.org/sign/also,matched-sign-video,
always,https://media.signbsl.com/videos/asl/startasl/mp4/always.mp4,SignASL,https://www.signasl.org/sign/always,matched-sign-video,
announcements,,,https://www.signasl.org/sign/announcements,no-exact-single-word-video-found,"SignASL gloss is ""announcement""."
any,https://media.signbsl.com/videos/asl/aslsignbank/mp4/ANY-2070.mp4,SignASL,https://www.signasl.org/sign/any,matched-sign-video,
areas,,,https://www.signasl.org/sign/areas,no-exact-single-word-video-found,"SignASL gloss is ""area""."
armbands,,,https://www.signasl.org/sign/armbands,no-exact-single-word-video-found,"SignASL gloss is ""armband""."
asking,,,https://www.signasl.org/sign/asking,no-exact-single-word-video-found,
asl,https://media.signbsl.com/videos/asl/startasl/mp4/asl.mp4,SignASL,https://www.signasl.org/sign/asl,matched-sign-video,
autonomy,https://media.signbsl.com/videos/asl/youtube/mp4/8DqZs_aSroI.mp4,SignASL,https://www.signasl.org/sign/autonomy,matched-sign-video,
availability,https://media.signbsl.com/videos/asl/aslsignbank/mp4/SPACE-269.mp4,SignASL,https://www.signasl.org/sign/availability,matched-sign-video,
available,https://media.signbsl.com/videos/asl/signlanguagestudent/mp4/available.mp4,SignASL,https://www.signasl.org/sign/available,matched-sign-video,
aware,https://media.signbsl.com/videos/asl/aslsearch/mp4/aware.mp4,SignASL,https://www.signasl.org/sign/aware,matched-sign-video,
beforehand,https://player.vimeo.com/external/391200229.sd.mp4?s=5276c4fd55e8e2fd4b1273842bd11c344de7bcc4&profile_id=164,SignASL,https://www.signasl.org/sign/beforehand,matched-sign-video,
behind,https://media.signbsl.com/videos/asl/signlanguagestudent/mp4/behind.mp4,SignASL,https://www.signasl.org/sign/behind,matched-sign-video,
better,https://media.signbsl.com/videos/asl/startasl/mp4/improve.mp4,SignASL,https://www.signasl.org/sign/better,matched-sign-video,
between,https://media.signbsl.com/videos/asl/signlanguagestudent/mp4/between%20(alternate%20sign).mp4,SignASL,https://www.signasl.org/sign/between,matched-sign-video,
black,https://media.signbsl.com/videos/asl/startasl/mp4/black.mp4,SignASL,https://www.signasl.org/sign/black,matched-sign-video,
bleachers,,,https://www.signasl.org/sign/bleachers,no-exact-single-word-video-found,
body,https://media.signbsl.com/videos/asl/aslsignbank/mp4/BODY-788.mp4,SignASL,https://www.signasl.org/sign/body,matched-sign-video,
braille,https://media.signbsl.com/videos/asl/aslsignbank/mp4/BRAILLE-2131.mp4,SignASL,https://www.signasl.org/sign/braille,matched-sign-video,
bring,https://media.signbsl.com/videos/asl/aslsignbank/mp4/BRING-51.mp4,SignASL,https://www.signasl.org/sign/bring,matched-sign-video,
brink,https://player.vimeo.com/external/391215752.sd.mp4?s=bd16a8541ce83b436f0531337cf73c93371ca8b8&profile_id=164,SignASL,https://www.signasl.org/sign/brink,matched-sign-video,
brown,https://media.signbsl.com/videos/asl/startasl/mp4/brown.mp4,SignASL,https://www.signasl.org/sign/brown,matched-sign-video,
brutality,,,https://www.signasl.org/sign/brutality,no-exact-single-word-video-found,
by,https://media.signbsl.com/videos/asl/aslsearch/mp4/by.mp4,SignASL,https://www.signasl.org/sign/by,matched-sign-video,
calm,https://media.signbsl.com/videos/asl/aslsignbank/mp4/E(calm-down)-1908.mp4,SignASL,https://www.signasl.org/sign/calm,matched-sign-video,
camps,,,https://www.signasl.org/sign/camps,no-exact-single-word-video-found,"SignASL gloss is ""camp""."
cannot,https://media.signbsl.com/videos/asl/signlanguagestudent/mp4/cannot.mp4,SignASL,https://www.signasl.org/sign/cannot,matched-sign-video,
cars,,,https://www.signasl.org/sign/cars,no-exact-single-word-video-found,"SignASL gloss is ""car""."
cascade,https://media.signbsl.com/videos/asl/youtube/mp4/ZieIsXAuJ5U.mp4,SignASL,https://www.signasl.org/sign/cascade,matched-sign-video,
central,https://media.signbsl.com/videos/asl/signlanguagestudent/mp4/central.mp4,SignASL,https://www.signasl.org/sign/central,matched-sign-video,
chairs,,,https://www.signasl.org/sign/chairs,no-exact-single-word-video-found,"SignASL gloss is ""chair""."
changing,,,https://www.signasl.org/sign/changing,no-exact-single-word-video-found,
chants,,,https://www.signasl.org/sign/chants,no-exact-single-word-video-found,"SignASL gloss is ""chant""."
chaos,https://media.signbsl.com/videos/asl/aslsignbank/mp4/MESS-1616.mp4,SignASL,https://www.signasl.org/sign/chaos,matched-sign-video,
childcare,https://media.signbsl.com/videos/asl/youtube/mp4/dppns6adhYY.mp4,SignASL,https://www.signasl.org/sign/childcare,matched-sign-video,
choose,https://media.signbsl.com/videos/asl/elementalaslconcepts/mp4/select.mp4,SignASL,https://www.signasl.org/sign/choose,matched-sign-video,
circumstances,https://media.signbsl.com/videos/asl/aslsearch/mp4/luck.mp4,SignASL,https://www.signasl.org/sign/circumstances,matched-sign-video,
climate,https://media.signbsl.com/videos/asl/elementalaslconcepts/mp4/climate.mp4,SignASL,https://www.signasl.org/sign/climate,matched-sign-video,
closing,https://media.signbsl.com/videos/asl/youtube/mp4/BuIXzE_RWh8.mp4,SignASL,https://www.signasl.org/sign/closing,matched-sign-video,
collapse,https://media.signbsl.com/videos/asl/aslsignbank/mp4/BREAKDOWN-2036.mp4,SignASL,https://www.signasl.org/sign/collapse,matched-sign-video,
comic,https://media.signbsl.com/videos/asl/aslsignbank/mp4/FUNNY-3015.mp4,SignASL,https://www.signasl.org/sign/comic,matched-sign-video,
commitment,https://media.signbsl.com/videos/asl/youtube/mp4/w39wAB02sh8.mp4,SignASL,https://www.signasl.org/sign/commitment,matched-sign-video,
communicate,https://media.signbsl.com/videos/asl/aslsignbank/mp4/COMMUNICATION-1108.mp4,SignASL,https://www.signasl.org/sign/communicate,matched-sign-video,
communicated,,,https://www.signasl.org/sign/communicated,no-exact-single-word-video-found,
communication,https://media.signbsl.com/videos/asl/aslsignbank/mp4/CONTACT-1137.mp4,SignASL,https://www.signasl.org/sign/communication,matched-sign-video,
communities,,,https://www.signasl.org/sign/communities,no-exact-single-word-video-found,"SignASL gloss is ""community""."
concentration,https://media.signbsl.com/videos/asl/elementalaslconcepts/mp4/concentration.mp4,SignASL,https://www.signasl.org/sign/concentration,matched-sign-video,
conjunction,https://media.signbsl.com/videos/asl/elementalaslconcepts/mp4/conjunction.mp4,SignASL,https://www.signasl.org/sign/conjunction,matched-sign-video,
cracks,,,https://www.signasl.org/sign/cracks,no-exact-single-word-video-found,"SignASL gloss is ""crack""."
created,,,https://www.signasl.org/sign/created,no-exact-single-word-video-found,"SignASL gloss is ""create""."
creating,,,https://www.signasl.org/sign/creating,no-exact-single-word-video-found,
creative,https://media.signbsl.com/videos/asl/aslsignbank/mp4/CREATE-1188.mp4,SignASL,https://www.signasl.org/sign/creative,matched-sign-video,
critique,,,https://www.signasl.org/sign/critique,no-exact-single-word-video-found,
crowd,https://media.signbsl.com/videos/asl/aslsearch/mp4/crowd.mp4,SignASL,https://www.signasl.org/sign/crowd,matched-sign-video,
curbs,,,https://www.signasl.org/sign/curbs,no-exact-single-word-video-found,"SignASL gloss is ""curb""."
daily,https://media.signbsl.com/videos/asl/signlanguagestudent/mp4/daily.mp4,SignASL,https://www.signasl.org/sign/daily,matched-sign-video,
deaf,https://media.signbsl.com/videos/asl/startasl/mp4/deaf.mp4,SignASL,https://www.signasl.org/sign/deaf,matched-sign-video,
deeper,https://media.signbsl.com/videos/asl/youtube/mp4/H1f4rIc2Guc.mp4,SignASL,https://www.signasl.org/sign/deeper,matched-sign-video,
description,,,https://www.signasl.org/sign/description,no-exact-single-word-video-found,
destinations,,,https://www.signasl.org/sign/destinations,no-exact-single-word-video-found,"SignASL gloss is ""destination""."
developing,https://media.signbsl.com/videos/asl/youtube/mp4/crJ5KAoc3zI.mp4,SignASL,https://www.signasl.org/sign/developing,matched-sign-video,
devices,,,https://www.signasl.org/sign/devices,no-exact-single-word-video-found,
difference,https://media.signbsl.com/videos/asl/signlanguagestudent/mp4/difference.mp4,SignASL,https://www.signasl.org/sign/difference,matched-sign-video,
dire,https://media.signbsl.com/videos/asl/startasl/mp4/awful.mp4,SignASL,https://www.signasl.org/sign/dire,matched-sign-video,
direct,https://media.signbsl.com/videos/asl/youtube/mp4/1RpSyOpG2_w.mp4,SignASL,https://www.signasl.org/sign/direct,matched-sign-video,
disabled,https://media.signbsl.com/videos/asl/signlanguagestudent/mp4/disabled.mp4,SignASL,https://www.signasl.org/sign/disabled,matched-sign-video,
dissipates,,,https://www.signasl.org/sign/dissipates,no-exact-single-word-video-found,"SignASL gloss is ""dissipate""."
distance,https://media.signbsl.com/videos/asl/aslsignbank/mp4/FAR-699.mp4,SignASL,https://www.signasl.org/sign/distance,matched-sign-video,
documented,,,https://www.signasl.org/sign/documented,no-exact-single-word-video-found,
don,https://media.signbsl.com/videos/asl/aslsignbank/mp4/MISS-GET-1602.mp4,SignASL,https://www.signasl.org/sign/don,matched-sign-video,
done,https://media.signbsl.com/videos/asl/aslsignbank/mp4/HAD-ENOUGH-1849.mp4,SignASL,https://www.signasl.org/sign/done,matched-sign-video,
drive,https://media.signbsl.com/videos/asl/startasl/mp4/drive.mp4,SignASL,https://www.signasl.org/sign/drive,matched-sign-video,
dyslexic,https://media.signbsl.com/videos/asl/youtube/mp4/U_t-voAi6vI.mp4,SignASL,https://www.signasl.org/sign/dyslexic,matched-sign-video,
edges,,,https://www.signasl.org/sign/edges,no-exact-single-word-video-found,"SignASL gloss is ""edge""."
end,https://media.signbsl.com/videos/asl/signlanguagestudent/mp4/finish.mp4,SignASL,https://www.signasl.org/sign/end,matched-sign-video,
ending,https://media.signbsl.com/videos/asl/youtube/mp4/xFHMEwDNN8M.mp4,SignASL,https://www.signasl.org/sign/ending,matched-sign-video,
energy,https://media.signbsl.com/videos/asl/aslsignbank/mp4/ENERGY-ON-2149.mp4,SignASL,https://www.signasl.org/sign/energy,matched-sign-video,
escalation,,,https://www.signasl.org/sign/escalation,no-exact-single-word-video-found,
event,https://media.signbsl.com/videos/asl/aslsignbank/mp4/RESULT-970.mp4,SignASL,https://www.signasl.org/sign/event,matched-sign-video,
events,,,https://www.signasl.org/sign/events,no-exact-single-word-video-found,"SignASL gloss is ""event""."
ever,https://media.signbsl.com/videos/asl/startasl/mp4/always.mp4,SignASL,https://www.signasl.org/sign/ever,matched-sign-video,
everyone,https://media.signbsl.com/videos/asl/aslsearch/mp4/everyone.mp4,SignASL,https://www.signasl.org/sign/everyone,matched-sign-video,
exist,https://media.signbsl.com/videos/asl/aslsearch/mp4/exist.mp4,SignASL,https://www.signasl.org/sign/exist,matched-sign-video,
expect,https://media.signbsl.com/videos/asl/aslsignbank/mp4/HOPE-1760.mp4,SignASL,https://www.signasl.org/sign/expect,matched-sign-video,
experiencing,,,https://www.signasl.org/sign/experiencing,no-exact-single-word-video-found,
eye,https://media.signbsl.com/videos/asl/aslsearch/mp4/eye.mp4,SignASL,https://www.signasl.org/sign/eye,matched-sign-video,
facing,https://media.signbsl.com/videos/asl/youtube/mp4/WyrKEnDvn50.mp4,SignASL,https://www.signasl.org/sign/facing,matched-sign-video,
fascism,https://media.signbsl.com/videos/asl/youtube/mp4/oZpts20OkyI.mp4,SignASL,https://www.signasl.org/sign/fascism,matched-sign-video,
feels,,,https://www.signasl.org/sign/feels,no-exact-single-word-video-found,"SignASL gloss is ""feel""."
focus,https://media.signbsl.com/videos/asl/youtube/mp4/cYMiOdhIpyM.mp4,SignASL,https://www.signasl.org/sign/focus,matched-sign-video,
folding,,,https://www.signasl.org/sign/folding,no-exact-single-word-video-found,
font,https://media.signbsl.com/videos/asl/ids/mp4/2013-11-460-baptismal-font-1500k-ase.mp4,SignASL,https://www.signasl.org/sign/font,matched-sign-video,
forget,https://player.vimeo.com/external/392130769.sd.mp4?s=de91226fb30712a556a59463c2459b85c3b49747&profile_id=164,SignASL,https://www.signasl.org/sign/forget,matched-sign-video,
four,https://media.signbsl.com/videos/asl/aslsignbank/mp4/FOUR-461.mp4,SignASL,https://www.signasl.org/sign/four,matched-sign-video,
framework,https://media.signbsl.com/videos/asl/AustinCommunityCollege/mp4/auto_frame_.mp4,SignASL,https://www.signasl.org/sign/framework,matched-sign-video,
free,https://media.signbsl.com/videos/asl/aslsignbank/mp4/FREE-681.mp4,SignASL,https://www.signasl.org/sign/free,matched-sign-video,
front,https://media.signbsl.com/videos/asl/startasl/mp4/front.mp4,SignASL,https://www.signasl.org/sign/front,matched-sign-video,
furthermore,https://player.vimeo.com/external/392141494.sd.mp4?s=fc24d801b02d3dd0fcbdcf4696792dd5142439b6&profile_id=164,SignASL,https://www.signasl.org/sign/furthermore,matched-sign-video,
gathering,https://media.signbsl.com/videos/asl/ids/mp4/2013-11-1920-gathering-1500k-ase.mp4,SignASL,https://www.signasl.org/sign/gathering,matched-sign-video,
gatherings,,,https://www.signasl.org/sign/gatherings,no-exact-single-word-video-found,"SignASL gloss is ""gathering""."
gets,,,https://www.signasl.org/sign/gets,no-exact-single-word-video-found,"SignASL gloss is ""get""."
give,https://media.signbsl.com/videos/asl/aslsignbank/mp4/GIVE-466.mp4,SignASL,https://www.signasl.org/sign/give,matched-sign-video,
good,https://media.signbsl.com/videos/asl/startasl/mp4/good.mp4,SignASL,https://www.signasl.org/sign/good,matched-sign-video,
grassy,https://media.signbsl.com/videos/asl/youtube/mp4/UFPRB-Aa0rI.mp4,SignASL,https://www.signasl.org/sign/grassy,matched-sign-video,
grates,,,https://www.signasl.org/sign/grates,no-exact-single-word-video-found,"SignASL gloss is ""grate""."
guild,https://media.signbsl.com/videos/asl/youtube/mp4/EZGlV7XuuHI.mp4,SignASL,https://www.signasl.org/sign/guild,matched-sign-video,
hard,https://media.signbsl.com/videos/asl/startasl/mp4/hard.mp4,SignASL,https://www.signasl.org/sign/hard,matched-sign-video,
help,https://media.signbsl.com/videos/asl/startasl/mp4/help.mp4,SignASL,https://www.signasl.org/sign/help,matched-sign-video,
hills,https://media.signbsl.com/videos/asl/youtube/mp4/Q84NaGnu8VY.mp4,SignASL,https://www.signasl.org/sign/hills,matched-sign-video,
holes,,,https://www.signasl.org/sign/holes,no-exact-single-word-video-found,"SignASL gloss is ""hole""."
honoring,,,https://www.signasl.org/sign/honoring,no-exact-single-word-video-found,
horrors,,,https://www.signasl.org/sign/horrors,no-exact-single-word-video-found,"SignASL gloss is ""horror""."
hostile,https://player.vimeo.com/external/392549670.sd.mp4?s=69e461ea174371dae70148e53ceffa32b0f424bb&profile_id=164,SignASL,https://www.signasl.org/sign/hostile,matched-sign-video,
how,https://media.signbsl.com/videos/asl/startasl/mp4/how.mp4,SignASL,https://www.signasl.org/sign/how,matched-sign-video,
hurried,,,https://www.signasl.org/sign/hurried,no-exact-single-word-video-found,
ideally,,,https://www.signasl.org/sign/ideally,no-exact-single-word-video-found,
immigrants,,,https://www.signasl.org/sign/immigrants,no-exact-single-word-video-found,"SignASL gloss is ""immigrant""."
impact,https://media.signbsl.com/videos/asl/aslsearch/mp4/affect.mp4,SignASL,https://www.signasl.org/sign/impact,matched-sign-video,
impairments,,,https://www.signasl.org/sign/impairments,no-exact-single-word-video-found,"SignASL gloss is ""impairment""."
increasing,,,https://www.signasl.org/sign/increasing,no-exact-single-word-video-found,
indigenous,https://media.signbsl.com/videos/asl/uploads/mp4/user_upload602fee2b246031.94593548.mp4,SignASL,https://www.signasl.org/sign/indigenous,matched-sign-video,
inhabitants,,,https://www.signasl.org/sign/inhabitants,no-exact-single-word-video-found,"SignASL gloss is ""inhabitant""."
inquire,https://media.signbsl.com/videos/asl/aslsignbank/mp4/ASK-22.mp4,SignASL,https://www.signasl.org/sign/inquire,matched-sign-video,
intends,,,https://www.signasl.org/sign/intends,no-exact-single-word-video-found,"SignASL gloss is ""intend""."
interpreter,https://media.signbsl.com/videos/asl/aslsignbank/mp4/INTERPRETER-1722.mp4,SignASL,https://www.signasl.org/sign/interpreter,matched-sign-video,
interpreters,,,https://www.signasl.org/sign/interpreters,no-exact-single-word-video-found,"SignASL gloss is ""interpreter""."
interrupting,,,https://www.signasl.org/sign/interrupting,no-exact-single-word-video-found,"SignASL gloss is ""interrupt""."
involve,https://media.signbsl.com/videos/asl/startasl/mp4/need.mp4,SignASL,https://www.signasl.org/sign/involve,matched-sign-video,
keep,https://media.signbsl.com/videos/asl/aslsignbank/mp4/KEEP-1700.mp4,SignASL,https://www.signasl.org/sign/keep,matched-sign-video,
key,https://media.signbsl.com/videos/asl/startasl/mp4/key.mp4,SignASL,https://www.signasl.org/sign/key,matched-sign-video,
landscape,https://media.signbsl.com/videos/asl/youtube/mp4/6Ae1FvInwdc.mp4,SignASL,https://www.signasl.org/sign/landscape,matched-sign-video,
languages,,,https://www.signasl.org/sign/languages,no-exact-single-word-video-found,"SignASL gloss is ""language""."
large,https://media.signbsl.com/videos/asl/startasl/mp4/large.mp4,SignASL,https://www.signasl.org/sign/large,matched-sign-video,
lawyers,,,https://www.signasl.org/sign/lawyers,no-exact-single-word-video-found,"SignASL gloss is ""lawyer""."
leading,https://media.signbsl.com/videos/asl/youtube/mp4/eoZMBVdGkrE.mp4,SignASL,https://www.signasl.org/sign/leading,matched-sign-video,
left,https://media.signbsl.com/videos/asl/aslsignbank/mp4/LEFT-HAND-1683.mp4,SignASL,https://www.signasl.org/sign/left,matched-sign-video,
let,https://media.signbsl.com/videos/asl/aslsearch/mp4/let.mp4,SignASL,https://www.signasl.org/sign/let,matched-sign-video,
lets,,,https://www.signasl.org/sign/lets,no-exact-single-word-video-found,"SignASL gloss is ""let""."
letters,,,https://www.signasl.org/sign/letters,no-exact-single-word-video-found,
life,https://media.signbsl.com/videos/asl/aslsearch/mp4/life.mp4,SignASL,https://www.signasl.org/sign/life,matched-sign-video,
like,https://media.signbsl.com/videos/asl/startasl/mp4/like.mp4,SignASL,https://www.signasl.org/sign/like,matched-sign-video,
links,https://player.vimeo.com/external/392150707.sd.mp4?s=7d34c4f8e9989e19d58eb66b5c6a8c335ad12005&profile_id=164,SignASL,https://www.signasl.org/sign/links,matched-sign-video,
listening,,,https://www.signasl.org/sign/listening,no-exact-single-word-video-found,
little,https://media.signbsl.com/videos/asl/startasl/mp4/small.mp4,SignASL,https://www.signasl.org/sign/little,matched-sign-video,
location,https://media.signbsl.com/videos/asl/aslsignbank/mp4/PLACE-217.mp4,SignASL,https://www.signasl.org/sign/location,matched-sign-video,
low,https://media.signbsl.com/videos/asl/startasl/mp4/humble.mp4,SignASL,https://www.signasl.org/sign/low,matched-sign-video,
main,https://media.signbsl.com/videos/asl/youtube/mp4/A_4jjsq_B8Q.mp4,SignASL,https://www.signasl.org/sign/main,matched-sign-video,
making,,,https://www.signasl.org/sign/making,no-exact-single-word-video-found,
manner,https://media.signbsl.com/videos/asl/tsdvideo/mp4/240.mp4,SignASL,https://www.signasl.org/sign/manner,matched-sign-video,
manual,https://media.signbsl.com/videos/asl/AustinCommunityCollege/mp4/auto_manual_.mp4,SignASL,https://www.signasl.org/sign/manual,matched-sign-video,
marginalized,,,https://www.signasl.org/sign/marginalized,no-exact-single-word-video-found,"SignASL gloss is ""margin""."
materials,,,https://www.signasl.org/sign/materials,no-exact-single-word-video-found,"SignASL gloss is ""material""."
may,https://media.signbsl.com/videos/asl/aslsearch/mp4/may.mp4,SignASL,https://www.signasl.org/sign/may,matched-sign-video,
meet,https://media.signbsl.com/videos/asl/aslsearch/mp4/meet.mp4,SignASL,https://www.signasl.org/sign/meet,matched-sign-video,
messaging,,,https://www.signasl.org/sign/messaging,no-exact-single-word-video-found,
metal,https://media.signbsl.com/videos/asl/startasl/mp4/metal.mp4,SignASL,https://www.signasl.org/sign/metal,matched-sign-video,
microphones,,,https://www.signasl.org/sign/microphones,no-exact-single-word-video-found,"SignASL gloss is ""microphone""."
middle,https://media.signbsl.com/videos/asl/aslsignbank/mp4/CENTER-653.mp4,SignASL,https://www.signasl.org/sign/middle,matched-sign-video,
mind,https://media.signbsl.com/videos/asl/aslsignbank/mp4/HEAD-BACK-1776.mp4,SignASL,https://www.signasl.org/sign/mind,matched-sign-video,
mindful,,,https://www.signasl.org/sign/mindful,no-exact-single-word-video-found,
mobile,https://media.signbsl.com/videos/asl/aslsignbank/mp4/TEXT-1196.mp4,SignASL,https://www.signasl.org/sign/mobile,matched-sign-video,
mobilization,https://media.signbsl.com/videos/asl/youtube/mp4/X7ePVaNc3rM.mp4,SignASL,https://www.signasl.org/sign/mobilization,matched-sign-video,
mobilizations,,,https://www.signasl.org/sign/mobilizations,no-exact-single-word-video-found,"SignASL gloss is ""mobilization""."
most,https://media.signbsl.com/videos/asl/startasl/mp4/most.mp4,SignASL,https://www.signasl.org/sign/most,matched-sign-video,
movement,https://media.signbsl.com/videos/asl/startasl/mp4/move.mp4,SignASL,https://www.signasl.org/sign/movement,matched-sign-video,
much,https://media.signbsl.com/videos/asl/aslsignbank/mp4/MANY-504.mp4,SignASL,https://www.signasl.org/sign/much,matched-sign-video,
national,https://media.signbsl.com/videos/asl/aslsignbank/mp4/NORMAL-1559.mp4,SignASL,https://www.signasl.org/sign/national,matched-sign-video,
needed,https://media.signbsl.com/videos/asl/youtube/mp4/KnpzjKlSWT0.mp4,SignASL,https://www.signasl.org/sign/needed,matched-sign-video,
neurodiverse,,,https://www.signasl.org/sign/neurodiverse,no-exact-single-word-video-found,
nobody,https://media.signbsl.com/videos/asl/aslsignbank/mp4/NOTHING-1556.mp4,SignASL,https://www.signasl.org/sign/nobody,matched-sign-video,
note,https://media.signbsl.com/videos/asl/aslsearch/mp4/note.mp4,SignASL,https://www.signasl.org/sign/note,matched-sign-video,
number,https://media.signbsl.com/videos/asl/aslsearch/mp4/count.mp4,SignASL,https://www.signasl.org/sign/number,matched-sign-video,
offer,https://media.signbsl.com/videos/asl/aslsearch/mp4/bid.mp4,SignASL,https://www.signasl.org/sign/offer,matched-sign-video,
often,https://media.signbsl.com/videos/asl/startasl/mp4/often.mp4,SignASL,https://www.signasl.org/sign/often,matched-sign-video,
opendyslexic,,,https://www.signasl.org/sign/opendyslexic,no-exact-single-word-video-found,
originally,https://media.signbsl.com/videos/asl/youtube/mp4/BFQDpQbrIfA.mp4,SignASL,https://www.signasl.org/sign/originally,matched-sign-video,
our,https://media.signbsl.com/videos/asl/aslsignbank/mp4/OUR-206.mp4,SignASL,https://www.signasl.org/sign/our,matched-sign-video,
part,https://media.signbsl.com/videos/asl/aslsearch/mp4/separate.mp4,SignASL,https://www.signasl.org/sign/part,matched-sign-video,
particularly,https://media.signbsl.com/videos/asl/aslsignbank/mp4/SPECIAL-1100.mp4,SignASL,https://www.signasl.org/sign/particularly,matched-sign-video,
patronizing,,,https://www.signasl.org/sign/patronizing,no-exact-single-word-video-found,
perceive,https://player.vimeo.com/external/392403658.sd.mp4?s=2ef782b31236b241e227c1781554031ec967cb00&profile_id=164,SignASL,https://www.signasl.org/sign/perceive,matched-sign-video,
person,https://media.signbsl.com/videos/asl/aslsignbank/mp4/PERSON-888.mp4,SignASL,https://www.signasl.org/sign/person,matched-sign-video,
phone,https://media.signbsl.com/videos/asl/startasl/mp4/telephone.mp4,SignASL,https://www.signasl.org/sign/phone,matched-sign-video,
point,https://media.signbsl.com/videos/asl/startasl/mp4/point.mp4,SignASL,https://www.signasl.org/sign/point,matched-sign-video,
political,https://media.signbsl.com/videos/asl/aslsignbank/mp4/POLITICS-2351.mp4,SignASL,https://www.signasl.org/sign/political,matched-sign-video,
precarious,https://media.signbsl.com/videos/asl/youtube/mp4/uhntm3yoW2g.mp4,SignASL,https://www.signasl.org/sign/precarious,matched-sign-video,
pregnant,https://media.signbsl.com/videos/asl/startasl/mp4/pregnant.mp4,SignASL,https://www.signasl.org/sign/pregnant,matched-sign-video,
presidential,,,https://www.signasl.org/sign/presidential,no-exact-single-word-video-found,
print,https://media.signbsl.com/videos/asl/aslsignbank/mp4/PRINT-933.mp4,SignASL,https://www.signasl.org/sign/print,matched-sign-video,
problem,https://media.signbsl.com/videos/asl/aslsignbank/mp4/PROBLEM_1-2483.mp4,SignASL,https://www.signasl.org/sign/problem,matched-sign-video,
protecting,,,https://www.signasl.org/sign/protecting,no-exact-single-word-video-found,
proven,,,https://www.signasl.org/sign/proven,no-exact-single-word-video-found,
public,https://media.signbsl.com/videos/asl/aslsearch/mp4/public.mp4,SignASL,https://www.signasl.org/sign/public,matched-sign-video,
quadrants,,,https://www.signasl.org/sign/quadrants,no-exact-single-word-video-found,"SignASL gloss is ""quadrant""."
rallies,,,https://www.signasl.org/sign/rallies,no-exact-single-word-video-found,"SignASL gloss is ""rally""."
rally,https://media.signbsl.com/videos/asl/youtube/mp4/rYHfEriVorc.mp4,SignASL,https://www.signasl.org/sign/rally,matched-sign-video,
readability,,,https://www.signasl.org/sign/readability,no-exact-single-word-video-found,
recommendations,,,https://www.signasl.org/sign/recommendations,no-exact-single-word-video-found,"SignASL gloss is ""recommendation""."
relationships,,,https://www.signasl.org/sign/relationships,no-exact-single-word-video-found,"SignASL gloss is ""relationship""."
rent,https://media.signbsl.com/videos/asl/aslsearch/mp4/rent.mp4,SignASL,https://www.signasl.org/sign/rent,matched-sign-video,
require,https://media.signbsl.com/videos/asl/startasl/mp4/need.mp4,SignASL,https://www.signasl.org/sign/require,matched-sign-video,
respect,https://media.signbsl.com/videos/asl/signlanguagestudent/mp4/respect.mp4,SignASL,https://www.signasl.org/sign/respect,matched-sign-video,
respectful,,,https://www.signasl.org/sign/respectful,no-exact-single-word-video-found,
responsible,https://media.signbsl.com/videos/asl/signlanguagestudent/mp4/responsible.mp4,SignASL,https://www.signasl.org/sign/responsible,matched-sign-video,
responsive,https://player.vimeo.com/external/391161753.sd.mp4?s=9dcdde242c095140ade8fa731d314191469a0cee&profile_id=164,SignASL,https://www.signasl.org/sign/responsive,matched-sign-video,
right,https://media.signbsl.com/videos/asl/startasl/mp4/right.mp4,SignASL,https://www.signasl.org/sign/right,matched-sign-video,
role,https://media.signbsl.com/videos/asl/aslsearch/mp4/role.mp4,SignASL,https://www.signasl.org/sign/role,matched-sign-video,
room,https://media.signbsl.com/videos/asl/startasl/mp4/room.mp4,SignASL,https://www.signasl.org/sign/room,matched-sign-video,
run,https://media.signbsl.com/videos/asl/startasl/mp4/run.mp4,SignASL,https://www.signasl.org/sign/run,matched-sign-video,
safeguarding,,,https://www.signasl.org/sign/safeguarding,no-exact-single-word-video-found,"SignASL gloss is ""safeguard""."
safety,https://media.signbsl.com/videos/asl/aslsearch/mp4/safety.mp4,SignASL,https://www.signasl.org/sign/safety,matched-sign-video,
scent,https://media.signbsl.com/videos/asl/aslsignbank/mp4/SMELL-1076.mp4,SignASL,https://www.signasl.org/sign/scent,matched-sign-video,
scooters,,,https://www.signasl.org/sign/scooters,no-exact-single-word-video-found,"SignASL gloss is ""scooter""."
serif,,,https://www.signasl.org/sign/serif,no-exact-single-word-video-found,
set,https://media.signbsl.com/videos/asl/tsdvideo/mp4/1068.mp4,SignASL,https://www.signasl.org/sign/set,matched-sign-video,
shifted,,,https://www.signasl.org/sign/shifted,no-exact-single-word-video-found,"SignASL gloss is ""shift""."
since,https://media.signbsl.com/videos/asl/aslsearch/mp4/since.mp4,SignASL,https://www.signasl.org/sign/since,matched-sign-video,
sit,https://media.signbsl.com/videos/asl/startasl/mp4/sit.mp4,SignASL,https://www.signasl.org/sign/sit,matched-sign-video,
sole,https://media.signbsl.com/videos/asl/youtube/mp4/7qyECBjMD2I.mp4,SignASL,https://www.signasl.org/sign/sole,matched-sign-video,
solving,https://media.signbsl.com/videos/asl/youtube/mp4/zCyIdeqtUs8.mp4,SignASL,https://www.signasl.org/sign/solving,matched-sign-video,
some,https://media.signbsl.com/videos/asl/startasl/mp4/some.mp4,SignASL,https://www.signasl.org/sign/some,matched-sign-video,
sovereignty,,,https://www.signasl.org/sign/sovereignty,no-exact-single-word-video-found,
space,https://media.signbsl.com/videos/asl/aslsearch/mp4/space.mp4,SignASL,https://www.signasl.org/sign/space,matched-sign-video,
spaces,,,https://www.signasl.org/sign/spaces,no-exact-single-word-video-found,"SignASL gloss is ""space""."
spread,https://media.signbsl.com/videos/asl/aslsearch/mp4/broadcast2.mp4,SignASL,https://www.signasl.org/sign/spread,matched-sign-video,
stand,https://media.signbsl.com/videos/asl/startasl/mp4/stand.mp4,SignASL,https://www.signasl.org/sign/stand,matched-sign-video,
standing,,,https://www.signasl.org/sign/standing,no-exact-single-word-video-found,
station,https://media.signbsl.com/videos/asl/aslsearch/mp4/station.mp4,SignASL,https://www.signasl.org/sign/station,matched-sign-video,
stationed,,,https://www.signasl.org/sign/stationed,no-exact-single-word-video-found,"SignASL gloss is ""station""."
stations,,,https://www.signasl.org/sign/stations,no-exact-single-word-video-found,
stimulation,https://media.signbsl.com/videos/asl/youtube/mp4/4EgN1_WA5C0.mp4,SignASL,https://www.signasl.org/sign/stimulation,matched-sign-video,
strategies,,,https://www.signasl.org/sign/strategies,no-exact-single-word-video-found,"SignASL gloss is ""strategy""."
strategize,,,https://www.signasl.org/sign/strategize,no-exact-single-word-video-found,
strengths,,,https://www.signasl.org/sign/strengths,no-exact-single-word-video-found,"SignASL gloss is ""strength""."
support,https://media.signbsl.com/videos/asl/startasl/mp4/support.mp4,SignASL,https://www.signasl.org/sign/support,matched-sign-video,
sure,https://media.signbsl.com/videos/asl/signlanguagestudent/mp4/certainly.mp4,SignASL,https://www.signasl.org/sign/sure,matched-sign-video,
tails,,,https://www.signasl.org/sign/tails,no-exact-single-word-video-found,
talkies,,,https://www.signasl.org/sign/talkies,no-exact-single-word-video-found,"SignASL gloss is ""talky""."
team,https://media.signbsl.com/videos/asl/startasl/mp4/team.mp4,SignASL,https://www.signasl.org/sign/team,matched-sign-video,
tent,https://media.signbsl.com/videos/asl/youtube/mp4/EpweU31Lx0M.mp4,SignASL,https://www.signasl.org/sign/tent,matched-sign-video,
than,https://media.signbsl.com/videos/asl/signlanguagestudent/mp4/than.mp4,SignASL,https://www.signasl.org/sign/than,matched-sign-video,
there,https://media.signbsl.com/videos/asl/signlanguagestudent/mp4/there.mp4,SignASL,https://www.signasl.org/sign/there,matched-sign-video,
think,https://media.signbsl.com/videos/asl/aslsignbank/mp4/REMEMBER-532.mp4,SignASL,https://www.signasl.org/sign/think,matched-sign-video,
through,https://media.signbsl.com/videos/asl/aslsignbank/mp4/HAD-ENOUGH-1849.mp4,SignASL,https://www.signasl.org/sign/through,matched-sign-video,
times,https://media.signbsl.com/videos/asl/tsdvideo/mp4/481.mp4,SignASL,https://www.signasl.org/sign/times,matched-sign-video,
touch,https://media.signbsl.com/videos/asl/aslsearch/mp4/touch.mp4,SignASL,https://www.signasl.org/sign/touch,matched-sign-video,
trying,https://media.signbsl.com/videos/asl/signlanguagestudent/mp4/trying.mp4,SignASL,https://www.signasl.org/sign/trying,matched-sign-video,
under,https://media.signbsl.com/videos/asl/tsdvideo/mp4/207.mp4,SignASL,https://www.signasl.org/sign/under,matched-sign-video,
understanding,https://media.signbsl.com/videos/asl/aslsearch/mp4/sympathy.mp4,SignASL,https://www.signasl.org/sign/understanding,matched-sign-video,
used,,,https://www.signasl.org/sign/used,no-exact-single-word-video-found,
vans,,,https://www.signasl.org/sign/vans,no-exact-single-word-video-found,"SignASL gloss is ""van""."
vehicles,,,https://www.signasl.org/sign/vehicles,no-exact-single-word-video-found,"SignASL gloss is ""vehicle""."
verbal,https://media.signbsl.com/videos/asl/youtube/mp4/SYsmCShlP0M.mp4,SignASL,https://www.signasl.org/sign/verbal,matched-sign-video,
versions,,,https://www.signasl.org/sign/versions,no-exact-single-word-video-found,"SignASL gloss is ""version""."
visibility,https://media.signbsl.com/videos/asl/youtube/mp4/Unafa4EITh4.mp4,SignASL,https://www.signasl.org/sign/visibility,matched-sign-video,
volunteers,,,https://www.signasl.org/sign/volunteers,no-exact-single-word-video-found,"SignASL gloss is ""volunteer""."
walkie,,,https://www.signasl.org/sign/walkie,no-exact-single-word-video-found,
weak,https://media.signbsl.com/videos/asl/startasl/mp4/weak.mp4,SignASL,https://www.signasl.org/sign/weak,matched-sign-video,
wear,https://media.signbsl.com/videos/asl/aslsignbank/mp4/MISS-GET-1602.mp4,SignASL,https://www.signasl.org/sign/wear,matched-sign-video,
well,https://media.signbsl.com/videos/asl/startasl/mp4/good.mp4,SignASL,https://www.signasl.org/sign/well,matched-sign-video,
which,https://media.signbsl.com/videos/asl/signlanguagestudent/mp4/which.mp4,SignASL,https://www.signasl.org/sign/which,matched-sign-video,
whose,https://media.signbsl.com/videos/asl/signlanguagestudent/mp4/whose.mp4,SignASL,https://www.signasl.org/sign/whose,matched-sign-video,
why,https://media.signbsl.com/videos/asl/startasl/mp4/why.mp4,SignASL,https://www.signasl.org/sign/why,matched-sign-video,
work,https://media.signbsl.com/videos/asl/startasl/mp4/work.mp4,SignASL,https://www.signasl.org/sign/work,matched-sign-video,
written,https://media.signbsl.com/videos/asl/signlanguagestudent/mp4/written.mp4,SignASL,https://www.signasl.org/sign/written,matched-sign-video,
you,https://media.signbsl.com/videos/asl/startasl/mp4/you.mp4,SignASL,https://www.signasl.org/sign/you,matched-sign-video,
