word,count,local_video,signbank_search_url,signasl_lookup_url,status,notes
a,16,,https://aslsignbank.haskins.yale.edu/signs/search/?translation=a,https://www.signasl.org/sign/a,needs-review,
ableism,1,assets/words/ableism.mp4,https://aslsignbank.haskins.yale.edu/signs/search/?translation=ableism,https://www.signasl.org/sign/ableism,local-video-exists,Already mapped in complexWordVideos.
ableist,1,,https://aslsignbank.haskins.yale.edu/signs/search/?translation=ableist,https://www.signasl.org/sign/ableist,needs-review,
about,1,,https://aslsignbank.haskins.yale.edu/signs/search/?translation=about,https://www.signasl.org/sign/about,needs-review,
abuse,1,,https://aslsignbank.haskins.yale.edu/signs/search/?translation=abuse,https://www.signasl.org/sign/abuse,needs-review,
access,5,,https://aslsignbank.haskins.yale.edu/signs/search/?translation=access,https://www.signasl.org/sign/access,needs-review,
accessibility,1,assets/words/accessibility.mp4,https://aslsignbank.haskins.yale.edu/signs/search/?translation=accessibility,https://www.signasl.org/sign/accessibility,local-video-exists,Already mapped in complexWordVideos.
accessible,1,,https://aslsignbank.haskins.yale.edu/signs/search/?translation=accessible,https://www.signasl.org/sign/accessible,needs-review,
action,1,,https://aslsignbank.haskins.yale.edu/signs/search/?translation=action,https://www.signasl.org/sign/action,needs-review,
actions,1,,https://aslsignbank.haskins.yale.edu/signs/search/?translation=actions,https://www.signasl.org/sign/actions,needs-review,
addition,1,,https://aslsignbank.haskins.yale.edu/signs/search/?translation=addition,https://www.signasl.org/sign/addition,needs-review,
additional,1,,https://aslsignbank.haskins.yale.edu/signs/search/?translation=additional,https://www.signasl.org/sign/additional,needs-review,
administration,1,,https://aslsignbank.haskins.yale.edu/signs/search/?translation=administration,https://www.signasl.org/sign/administration,needs-review,
again,1,,https://aslsignbank.haskins.yale.edu/signs/search/?translation=again,https://www.signasl.org/sign/again,needs-review,
agendas,1,,https://aslsignbank.haskins.yale.edu/signs/search/?translation=agendas,https://www.signasl.org/sign/agendas,needs-review,
ahead,1,,https://aslsignbank.haskins.yale.edu/signs/search/?translation=ahead,https://www.signasl.org/sign/ahead,needs-review,
all,3,,https://aslsignbank.haskins.yale.edu/signs/search/?translation=all,https://www.signasl.org/sign/all,needs-review,
along,2,,https://aslsignbank.haskins.yale.edu/signs/search/?translation=along,https://www.signasl.org/sign/along,needs-review,
also,1,,https://aslsignbank.haskins.yale.edu/signs/search/?translation=also,https://www.signasl.org/sign/also,needs-review,
always,1,,https://aslsignbank.haskins.yale.edu/signs/search/?translation=always,https://www.signasl.org/sign/always,needs-review,
an,4,,https://aslsignbank.haskins.yale.edu/signs/search/?translation=an,https://www.signasl.org/sign/an,needs-review,
and,31,,https://aslsignbank.haskins.yale.edu/signs/search/?translation=and,https://www.signasl.org/sign/and,needs-review,
announce,4,,https://aslsignbank.haskins.yale.edu/signs/search/?translation=announce,https://www.signasl.org/sign/announce,needs-review,
announcements,1,,https://aslsignbank.haskins.yale.edu/signs/search/?translation=announcements,https://www.signasl.org/sign/announcements,needs-review,
any,1,,https://aslsignbank.haskins.yale.edu/signs/search/?translation=any,https://www.signasl.org/sign/any,needs-review,
are,10,,https://aslsignbank.haskins.yale.edu/signs/search/?translation=are,https://www.signasl.org/sign/are,needs-review,
area,2,,https://aslsignbank.haskins.yale.edu/signs/search/?translation=area,https://www.signasl.org/sign/area,needs-review,
areas,1,,https://aslsignbank.haskins.yale.edu/signs/search/?translation=areas,https://www.signasl.org/sign/areas,needs-review,
armbands,1,,https://aslsignbank.haskins.yale.edu/signs/search/?translation=armbands,https://www.signasl.org/sign/armbands,needs-review,
as,9,,https://aslsignbank.haskins.yale.edu/signs/search/?translation=as,https://www.signasl.org/sign/as,needs-review,
asking,1,,https://aslsignbank.haskins.yale.edu/signs/search/?translation=asking,https://www.signasl.org/sign/asking,needs-review,
asl,1,,https://aslsignbank.haskins.yale.edu/signs/search/?translation=asl,https://www.signasl.org/sign/asl,needs-review,
at,11,,https://aslsignbank.haskins.yale.edu/signs/search/?translation=at,https://www.signasl.org/sign/at,needs-review,
autonomy,1,assets/words/autonomy.mp4,https://aslsignbank.haskins.yale.edu/signs/search/?translation=autonomy,https://www.signasl.org/sign/autonomy,local-video-exists,Already mapped in complexWordVideos.
availability,1,,https://aslsignbank.haskins.yale.edu/signs/search/?translation=availability,https://www.signasl.org/sign/availability,needs-review,
available,1,,https://aslsignbank.haskins.yale.edu/signs/search/?translation=available,https://www.signasl.org/sign/available,needs-review,
aware,1,,https://aslsignbank.haskins.yale.edu/signs/search/?translation=aware,https://www.signasl.org/sign/aware,needs-review,
back,2,,https://aslsignbank.haskins.yale.edu/signs/search/?translation=back,https://www.signasl.org/sign/back,needs-review,
be,10,,https://aslsignbank.haskins.yale.edu/signs/search/?translation=be,https://www.signasl.org/sign/be,needs-review,
beforehand,1,,https://aslsignbank.haskins.yale.edu/signs/search/?translation=beforehand,https://www.signasl.org/sign/beforehand,needs-review,
behind,1,,https://aslsignbank.haskins.yale.edu/signs/search/?translation=behind,https://www.signasl.org/sign/behind,needs-review,
better,1,,https://aslsignbank.haskins.yale.edu/signs/search/?translation=better,https://www.signasl.org/sign/better,needs-review,
between,1,,https://aslsignbank.haskins.yale.edu/signs/search/?translation=between,https://www.signasl.org/sign/between,needs-review,
black,1,,https://aslsignbank.haskins.yale.edu/signs/search/?translation=black,https://www.signasl.org/sign/black,needs-review,
bleachers,1,,https://aslsignbank.haskins.yale.edu/signs/search/?translation=bleachers,https://www.signasl.org/sign/bleachers,needs-review,
body,1,,https://aslsignbank.haskins.yale.edu/signs/search/?translation=body,https://www.signasl.org/sign/body,needs-review,
braille,1,,https://aslsignbank.haskins.yale.edu/signs/search/?translation=braille,https://www.signasl.org/sign/braille,needs-review,
bring,1,,https://aslsignbank.haskins.yale.edu/signs/search/?translation=bring,https://www.signasl.org/sign/bring,needs-review,
brink,1,,https://aslsignbank.haskins.yale.edu/signs/search/?translation=brink,https://www.signasl.org/sign/brink,needs-review,
brown,1,,https://aslsignbank.haskins.yale.edu/signs/search/?translation=brown,https://www.signasl.org/sign/brown,needs-review,
brutality,1,,https://aslsignbank.haskins.yale.edu/signs/search/?translation=brutality,https://www.signasl.org/sign/brutality,needs-review,
by,1,,https://aslsignbank.haskins.yale.edu/signs/search/?translation=by,https://www.signasl.org/sign/by,needs-review,
calm,1,,https://aslsignbank.haskins.yale.edu/signs/search/?translation=calm,https://www.signasl.org/sign/calm,needs-review,
camps,1,,https://aslsignbank.haskins.yale.edu/signs/search/?translation=camps,https://www.signasl.org/sign/camps,needs-review,
can,3,,https://aslsignbank.haskins.yale.edu/signs/search/?translation=can,https://www.signasl.org/sign/can,needs-review,
cannot,1,,https://aslsignbank.haskins.yale.edu/signs/search/?translation=cannot,https://www.signasl.org/sign/cannot,needs-review,
cars,1,,https://aslsignbank.haskins.yale.edu/signs/search/?translation=cars,https://www.signasl.org/sign/cars,needs-review,
cascade,1,,https://aslsignbank.haskins.yale.edu/signs/search/?translation=cascade,https://www.signasl.org/sign/cascade,needs-review,
central,1,,https://aslsignbank.haskins.yale.edu/signs/search/?translation=central,https://www.signasl.org/sign/central,needs-review,
chairs,1,,https://aslsignbank.haskins.yale.edu/signs/search/?translation=chairs,https://www.signasl.org/sign/chairs,needs-review,
changing,1,,https://aslsignbank.haskins.yale.edu/signs/search/?translation=changing,https://www.signasl.org/sign/changing,needs-review,
chants,1,,https://aslsignbank.haskins.yale.edu/signs/search/?translation=chants,https://www.signasl.org/sign/chants,needs-review,
chaos,1,,https://aslsignbank.haskins.yale.edu/signs/search/?translation=chaos,https://www.signasl.org/sign/chaos,needs-review,
childcare,1,,https://aslsignbank.haskins.yale.edu/signs/search/?translation=childcare,https://www.signasl.org/sign/childcare,needs-review,
choose,1,,https://aslsignbank.haskins.yale.edu/signs/search/?translation=choose,https://www.signasl.org/sign/choose,needs-review,
circumstances,1,,https://aslsignbank.haskins.yale.edu/signs/search/?translation=circumstances,https://www.signasl.org/sign/circumstances,needs-review,
clearly,2,,https://aslsignbank.haskins.yale.edu/signs/search/?translation=clearly,https://www.signasl.org/sign/clearly,needs-review,
climate,1,,https://aslsignbank.haskins.yale.edu/signs/search/?translation=climate,https://www.signasl.org/sign/climate,needs-review,
closing,1,,https://aslsignbank.haskins.yale.edu/signs/search/?translation=closing,https://www.signasl.org/sign/closing,needs-review,
collapse,1,,https://aslsignbank.haskins.yale.edu/signs/search/?translation=collapse,https://www.signasl.org/sign/collapse,needs-review,
comic,1,,https://aslsignbank.haskins.yale.edu/signs/search/?translation=comic,https://www.signasl.org/sign/comic,needs-review,
commitment,1,,https://aslsignbank.haskins.yale.edu/signs/search/?translation=commitment,https://www.signasl.org/sign/commitment,needs-review,
communicate,1,,https://aslsignbank.haskins.yale.edu/signs/search/?translation=communicate,https://www.signasl.org/sign/communicate,needs-review,
communicated,1,,https://aslsignbank.haskins.yale.edu/signs/search/?translation=communicated,https://www.signasl.org/sign/communicated,needs-review,
communication,1,,https://aslsignbank.haskins.yale.edu/signs/search/?translation=communication,https://www.signasl.org/sign/communication,needs-review,
communities,1,,https://aslsignbank.haskins.yale.edu/signs/search/?translation=communities,https://www.signasl.org/sign/communities,needs-review,
concentration,1,,https://aslsignbank.haskins.yale.edu/signs/search/?translation=concentration,https://www.signasl.org/sign/concentration,needs-review,
conjunction,1,,https://aslsignbank.haskins.yale.edu/signs/search/?translation=conjunction,https://www.signasl.org/sign/conjunction,needs-review,
consent,2,,https://aslsignbank.haskins.yale.edu/signs/search/?translation=consent,https://www.signasl.org/sign/consent,needs-review,
cops,3,,https://aslsignbank.haskins.yale.edu/signs/search/?translation=cops,https://www.signasl.org/sign/cops,needs-review,
cracks,1,,https://aslsignbank.haskins.yale.edu/signs/search/?translation=cracks,https://www.signasl.org/sign/cracks,needs-review,
create,3,,https://aslsignbank.haskins.yale.edu/signs/search/?translation=create,https://www.signasl.org/sign/create,needs-review,
created,1,,https://aslsignbank.haskins.yale.edu/signs/search/?translation=created,https://www.signasl.org/sign/created,needs-review,
creating,1,,https://aslsignbank.haskins.yale.edu/signs/search/?translation=creating,https://www.signasl.org/sign/creating,needs-review,
creative,1,,https://aslsignbank.haskins.yale.edu/signs/search/?translation=creative,https://www.signasl.org/sign/creative,needs-review,
critique,1,,https://aslsignbank.haskins.yale.edu/signs/search/?translation=critique,https://www.signasl.org/sign/critique,needs-review,
crowd,1,,https://aslsignbank.haskins.yale.edu/signs/search/?translation=crowd,https://www.signasl.org/sign/crowd,needs-review,
curbs,1,,https://aslsignbank.haskins.yale.edu/signs/search/?translation=curbs,https://www.signasl.org/sign/curbs,needs-review,
daily,1,,https://aslsignbank.haskins.yale.edu/signs/search/?translation=daily,https://www.signasl.org/sign/daily,needs-review,
deaf,1,,https://aslsignbank.haskins.yale.edu/signs/search/?translation=deaf,https://www.signasl.org/sign/deaf,needs-review,
deeper,1,,https://aslsignbank.haskins.yale.edu/signs/search/?translation=deeper,https://www.signasl.org/sign/deeper,needs-review,
description,1,,https://aslsignbank.haskins.yale.edu/signs/search/?translation=description,https://www.signasl.org/sign/description,needs-review,
destination,3,,https://aslsignbank.haskins.yale.edu/signs/search/?translation=destination,https://www.signasl.org/sign/destination,needs-review,
destinations,1,,https://aslsignbank.haskins.yale.edu/signs/search/?translation=destinations,https://www.signasl.org/sign/destinations,needs-review,
developing,1,,https://aslsignbank.haskins.yale.edu/signs/search/?translation=developing,https://www.signasl.org/sign/developing,needs-review,
devices,1,,https://aslsignbank.haskins.yale.edu/signs/search/?translation=devices,https://www.signasl.org/sign/devices,needs-review,
difference,1,,https://aslsignbank.haskins.yale.edu/signs/search/?translation=difference,https://www.signasl.org/sign/difference,needs-review,
dire,1,,https://aslsignbank.haskins.yale.edu/signs/search/?translation=dire,https://www.signasl.org/sign/dire,needs-review,
direct,1,,https://aslsignbank.haskins.yale.edu/signs/search/?translation=direct,https://www.signasl.org/sign/direct,needs-review,
disabilities,8,,https://aslsignbank.haskins.yale.edu/signs/search/?translation=disabilities,https://www.signasl.org/sign/disabilities,needs-review,
disability,2,,https://aslsignbank.haskins.yale.edu/signs/search/?translation=disability,https://www.signasl.org/sign/disability,needs-review,
disabled,1,,https://aslsignbank.haskins.yale.edu/signs/search/?translation=disabled,https://www.signasl.org/sign/disabled,needs-review,
dissipates,1,,https://aslsignbank.haskins.yale.edu/signs/search/?translation=dissipates,https://www.signasl.org/sign/dissipates,needs-review,
distance,1,,https://aslsignbank.haskins.yale.edu/signs/search/?translation=distance,https://www.signasl.org/sign/distance,needs-review,
do,2,,https://aslsignbank.haskins.yale.edu/signs/search/?translation=do,https://www.signasl.org/sign/do,needs-review,
documented,1,,https://aslsignbank.haskins.yale.edu/signs/search/?translation=documented,https://www.signasl.org/sign/documented,needs-review,
don,1,,https://aslsignbank.haskins.yale.edu/signs/search/?translation=don,https://www.signasl.org/sign/don,needs-review,
done,1,,https://aslsignbank.haskins.yale.edu/signs/search/?translation=done,https://www.signasl.org/sign/done,needs-review,
drive,1,,https://aslsignbank.haskins.yale.edu/signs/search/?translation=drive,https://www.signasl.org/sign/drive,needs-review,
dyslexic,1,,https://aslsignbank.haskins.yale.edu/signs/search/?translation=dyslexic,https://www.signasl.org/sign/dyslexic,needs-review,
edges,1,,https://aslsignbank.haskins.yale.edu/signs/search/?translation=edges,https://www.signasl.org/sign/edges,needs-review,
elders,3,,https://aslsignbank.haskins.yale.edu/signs/search/?translation=elders,https://www.signasl.org/sign/elders,needs-review,
end,1,,https://aslsignbank.haskins.yale.edu/signs/search/?translation=end,https://www.signasl.org/sign/end,needs-review,
ending,1,,https://aslsignbank.haskins.yale.edu/signs/search/?translation=ending,https://www.signasl.org/sign/ending,needs-review,
energy,1,,https://aslsignbank.haskins.yale.edu/signs/search/?translation=energy,https://www.signasl.org/sign/energy,needs-review,
escalation,1,,https://aslsignbank.haskins.yale.edu/signs/search/?translation=escalation,https://www.signasl.org/sign/escalation,needs-review,
etc,3,,https://aslsignbank.haskins.yale.edu/signs/search/?translation=etc,https://www.signasl.org/sign/etc,needs-review,
event,1,,https://aslsignbank.haskins.yale.edu/signs/search/?translation=event,https://www.signasl.org/sign/event,needs-review,
events,1,,https://aslsignbank.haskins.yale.edu/signs/search/?translation=events,https://www.signasl.org/sign/events,needs-review,
ever,1,,https://aslsignbank.haskins.yale.edu/signs/search/?translation=ever,https://www.signasl.org/sign/ever,needs-review,
everyone,1,,https://aslsignbank.haskins.yale.edu/signs/search/?translation=everyone,https://www.signasl.org/sign/everyone,needs-review,
exist,1,,https://aslsignbank.haskins.yale.edu/signs/search/?translation=exist,https://www.signasl.org/sign/exist,needs-review,
expect,1,,https://aslsignbank.haskins.yale.edu/signs/search/?translation=expect,https://www.signasl.org/sign/expect,needs-review,
experiencing,1,,https://aslsignbank.haskins.yale.edu/signs/search/?translation=experiencing,https://www.signasl.org/sign/experiencing,needs-review,
explain,2,,https://aslsignbank.haskins.yale.edu/signs/search/?translation=explain,https://www.signasl.org/sign/explain,needs-review,
eye,1,,https://aslsignbank.haskins.yale.edu/signs/search/?translation=eye,https://www.signasl.org/sign/eye,needs-review,
facing,1,,https://aslsignbank.haskins.yale.edu/signs/search/?translation=facing,https://www.signasl.org/sign/facing,needs-review,
fascism,1,,https://aslsignbank.haskins.yale.edu/signs/search/?translation=fascism,https://www.signasl.org/sign/fascism,needs-review,
feels,1,,https://aslsignbank.haskins.yale.edu/signs/search/?translation=feels,https://www.signasl.org/sign/feels,needs-review,
focus,1,,https://aslsignbank.haskins.yale.edu/signs/search/?translation=focus,https://www.signasl.org/sign/focus,needs-review,
folding,1,,https://aslsignbank.haskins.yale.edu/signs/search/?translation=folding,https://www.signasl.org/sign/folding,needs-review,
folks,6,,https://aslsignbank.haskins.yale.edu/signs/search/?translation=folks,https://www.signasl.org/sign/folks,needs-review,
font,1,,https://aslsignbank.haskins.yale.edu/signs/search/?translation=font,https://www.signasl.org/sign/font,needs-review,
fonts,2,,https://aslsignbank.haskins.yale.edu/signs/search/?translation=fonts,https://www.signasl.org/sign/fonts,needs-review,
for,15,,https://aslsignbank.haskins.yale.edu/signs/search/?translation=for,https://www.signasl.org/sign/for,needs-review,
forget,1,,https://aslsignbank.haskins.yale.edu/signs/search/?translation=forget,https://www.signasl.org/sign/forget,needs-review,
four,1,,https://aslsignbank.haskins.yale.edu/signs/search/?translation=four,https://www.signasl.org/sign/four,needs-review,
framework,1,,https://aslsignbank.haskins.yale.edu/signs/search/?translation=framework,https://www.signasl.org/sign/framework,needs-review,
free,1,,https://aslsignbank.haskins.yale.edu/signs/search/?translation=free,https://www.signasl.org/sign/free,needs-review,
from,4,,https://aslsignbank.haskins.yale.edu/signs/search/?translation=from,https://www.signasl.org/sign/from,needs-review,
front,1,,https://aslsignbank.haskins.yale.edu/signs/search/?translation=front,https://www.signasl.org/sign/front,needs-review,
furthermore,1,,https://aslsignbank.haskins.yale.edu/signs/search/?translation=furthermore,https://www.signasl.org/sign/furthermore,needs-review,
future,2,,https://aslsignbank.haskins.yale.edu/signs/search/?translation=future,https://www.signasl.org/sign/future,needs-review,
gathering,1,,https://aslsignbank.haskins.yale.edu/signs/search/?translation=gathering,https://www.signasl.org/sign/gathering,needs-review,
gatherings,1,,https://aslsignbank.haskins.yale.edu/signs/search/?translation=gatherings,https://www.signasl.org/sign/gatherings,needs-review,
gets,1,,https://aslsignbank.haskins.yale.edu/signs/search/?translation=gets,https://www.signasl.org/sign/gets,needs-review,
give,1,,https://aslsignbank.haskins.yale.edu/signs/search/?translation=give,https://www.signasl.org/sign/give,needs-review,
good,1,,https://aslsignbank.haskins.yale.edu/signs/search/?translation=good,https://www.signasl.org/sign/good,needs-review,
grassy,1,,https://aslsignbank.haskins.yale.edu/signs/search/?translation=grassy,https://www.signasl.org/sign/grassy,needs-review,
grates,1,,https://aslsignbank.haskins.yale.edu/signs/search/?translation=grates,https://www.signasl.org/sign/grates,needs-review,
guild,1,,https://aslsignbank.haskins.yale.edu/signs/search/?translation=guild,https://www.signasl.org/sign/guild,needs-review,
happening,2,,https://aslsignbank.haskins.yale.edu/signs/search/?translation=happening,https://www.signasl.org/sign/happening,needs-review,
hard,1,,https://aslsignbank.haskins.yale.edu/signs/search/?translation=hard,https://www.signasl.org/sign/hard,needs-review,
has,3,,https://aslsignbank.haskins.yale.edu/signs/search/?translation=has,https://www.signasl.org/sign/has,needs-review,
have,8,,https://aslsignbank.haskins.yale.edu/signs/search/?translation=have,https://www.signasl.org/sign/have,needs-review,
help,1,,https://aslsignbank.haskins.yale.edu/signs/search/?translation=help,https://www.signasl.org/sign/help,needs-review,
hills,1,,https://aslsignbank.haskins.yale.edu/signs/search/?translation=hills,https://www.signasl.org/sign/hills,needs-review,
holes,1,,https://aslsignbank.haskins.yale.edu/signs/search/?translation=holes,https://www.signasl.org/sign/holes,needs-review,
honoring,1,,https://aslsignbank.haskins.yale.edu/signs/search/?translation=honoring,https://www.signasl.org/sign/honoring,needs-review,
horrors,1,,https://aslsignbank.haskins.yale.edu/signs/search/?translation=horrors,https://www.signasl.org/sign/horrors,needs-review,
hostile,1,,https://aslsignbank.haskins.yale.edu/signs/search/?translation=hostile,https://www.signasl.org/sign/hostile,needs-review,
how,1,,https://aslsignbank.haskins.yale.edu/signs/search/?translation=how,https://www.signasl.org/sign/how,needs-review,
hurried,1,,https://aslsignbank.haskins.yale.edu/signs/search/?translation=hurried,https://www.signasl.org/sign/hurried,needs-review,
ideally,1,,https://aslsignbank.haskins.yale.edu/signs/search/?translation=ideally,https://www.signasl.org/sign/ideally,needs-review,
if,2,,https://aslsignbank.haskins.yale.edu/signs/search/?translation=if,https://www.signasl.org/sign/if,needs-review,
immigrants,1,,https://aslsignbank.haskins.yale.edu/signs/search/?translation=immigrants,https://www.signasl.org/sign/immigrants,needs-review,
impact,1,,https://aslsignbank.haskins.yale.edu/signs/search/?translation=impact,https://www.signasl.org/sign/impact,needs-review,
impairments,1,,https://aslsignbank.haskins.yale.edu/signs/search/?translation=impairments,https://www.signasl.org/sign/impairments,needs-review,
important,2,,https://aslsignbank.haskins.yale.edu/signs/search/?translation=important,https://www.signasl.org/sign/important,needs-review,
in,7,,https://aslsignbank.haskins.yale.edu/signs/search/?translation=in,https://www.signasl.org/sign/in,needs-review,
include,3,,https://aslsignbank.haskins.yale.edu/signs/search/?translation=include,https://www.signasl.org/sign/include,needs-review,
increasing,1,,https://aslsignbank.haskins.yale.edu/signs/search/?translation=increasing,https://www.signasl.org/sign/increasing,needs-review,
indigenous,1,,https://aslsignbank.haskins.yale.edu/signs/search/?translation=indigenous,https://www.signasl.org/sign/indigenous,needs-review,
information,2,,https://aslsignbank.haskins.yale.edu/signs/search/?translation=information,https://www.signasl.org/sign/information,needs-review,
inhabitants,1,,https://aslsignbank.haskins.yale.edu/signs/search/?translation=inhabitants,https://www.signasl.org/sign/inhabitants,needs-review,
inquire,1,,https://aslsignbank.haskins.yale.edu/signs/search/?translation=inquire,https://www.signasl.org/sign/inquire,needs-review,
instructions,2,,https://aslsignbank.haskins.yale.edu/signs/search/?translation=instructions,https://www.signasl.org/sign/instructions,needs-review,
intends,1,,https://aslsignbank.haskins.yale.edu/signs/search/?translation=intends,https://www.signasl.org/sign/intends,needs-review,
interpreter,1,,https://aslsignbank.haskins.yale.edu/signs/search/?translation=interpreter,https://www.signasl.org/sign/interpreter,needs-review,
interpreters,1,,https://aslsignbank.haskins.yale.edu/signs/search/?translation=interpreters,https://www.signasl.org/sign/interpreters,needs-review,
interrupting,1,,https://aslsignbank.haskins.yale.edu/signs/search/?translation=interrupting,https://www.signasl.org/sign/interrupting,needs-review,
invite,2,,https://aslsignbank.haskins.yale.edu/signs/search/?translation=invite,https://www.signasl.org/sign/invite,needs-review,
involve,1,,https://aslsignbank.haskins.yale.edu/signs/search/?translation=involve,https://www.signasl.org/sign/involve,needs-review,
is,11,,https://aslsignbank.haskins.yale.edu/signs/search/?translation=is,https://www.signasl.org/sign/is,needs-review,
it,5,,https://aslsignbank.haskins.yale.edu/signs/search/?translation=it,https://www.signasl.org/sign/it,needs-review,
its,2,,https://aslsignbank.haskins.yale.edu/signs/search/?translation=its,https://www.signasl.org/sign/its,needs-review,
justice,2,assets/words/justice.mp4,https://aslsignbank.haskins.yale.edu/signs/search/?translation=justice,https://www.signasl.org/sign/justice,local-video-exists,Already mapped in complexWordVideos.
keep,1,,https://aslsignbank.haskins.yale.edu/signs/search/?translation=keep,https://www.signasl.org/sign/keep,needs-review,
key,1,,https://aslsignbank.haskins.yale.edu/signs/search/?translation=key,https://www.signasl.org/sign/key,needs-review,
know,3,,https://aslsignbank.haskins.yale.edu/signs/search/?translation=know,https://www.signasl.org/sign/know,needs-review,
landscape,1,,https://aslsignbank.haskins.yale.edu/signs/search/?translation=landscape,https://www.signasl.org/sign/landscape,needs-review,
languages,1,,https://aslsignbank.haskins.yale.edu/signs/search/?translation=languages,https://www.signasl.org/sign/languages,needs-review,
large,1,,https://aslsignbank.haskins.yale.edu/signs/search/?translation=large,https://www.signasl.org/sign/large,needs-review,
lawyers,1,,https://aslsignbank.haskins.yale.edu/signs/search/?translation=lawyers,https://www.signasl.org/sign/lawyers,needs-review,
leading,1,,https://aslsignbank.haskins.yale.edu/signs/search/?translation=leading,https://www.signasl.org/sign/leading,needs-review,
least,2,,https://aslsignbank.haskins.yale.edu/signs/search/?translation=least,https://www.signasl.org/sign/least,needs-review,
left,1,,https://aslsignbank.haskins.yale.edu/signs/search/?translation=left,https://www.signasl.org/sign/left,needs-review,
length,2,,https://aslsignbank.haskins.yale.edu/signs/search/?translation=length,https://www.signasl.org/sign/length,needs-review,
let,1,,https://aslsignbank.haskins.yale.edu/signs/search/?translation=let,https://www.signasl.org/sign/let,needs-review,
lets,1,,https://aslsignbank.haskins.yale.edu/signs/search/?translation=lets,https://www.signasl.org/sign/lets,needs-review,
letters,1,,https://aslsignbank.haskins.yale.edu/signs/search/?translation=letters,https://www.signasl.org/sign/letters,needs-review,
liaisons,2,,https://aslsignbank.haskins.yale.edu/signs/search/?translation=liaisons,https://www.signasl.org/sign/liaisons,needs-review,
life,1,,https://aslsignbank.haskins.yale.edu/signs/search/?translation=life,https://www.signasl.org/sign/life,needs-review,
like,1,,https://aslsignbank.haskins.yale.edu/signs/search/?translation=like,https://www.signasl.org/sign/like,needs-review,
links,1,,https://aslsignbank.haskins.yale.edu/signs/search/?translation=links,https://www.signasl.org/sign/links,needs-review,
listening,1,,https://aslsignbank.haskins.yale.edu/signs/search/?translation=listening,https://www.signasl.org/sign/listening,needs-review,
little,1,,https://aslsignbank.haskins.yale.edu/signs/search/?translation=little,https://www.signasl.org/sign/little,needs-review,
location,1,,https://aslsignbank.haskins.yale.edu/signs/search/?translation=location,https://www.signasl.org/sign/location,needs-review,
low,1,,https://aslsignbank.haskins.yale.edu/signs/search/?translation=low,https://www.signasl.org/sign/low,needs-review,
main,1,,https://aslsignbank.haskins.yale.edu/signs/search/?translation=main,https://www.signasl.org/sign/main,needs-review,
making,1,,https://aslsignbank.haskins.yale.edu/signs/search/?translation=making,https://www.signasl.org/sign/making,needs-review,
manner,1,,https://aslsignbank.haskins.yale.edu/signs/search/?translation=manner,https://www.signasl.org/sign/manner,needs-review,
manual,1,,https://aslsignbank.haskins.yale.edu/signs/search/?translation=manual,https://www.signasl.org/sign/manual,needs-review,
march,8,,https://aslsignbank.haskins.yale.edu/signs/search/?translation=march,https://www.signasl.org/sign/march,needs-review,
marginalized,1,,https://aslsignbank.haskins.yale.edu/signs/search/?translation=marginalized,https://www.signasl.org/sign/marginalized,needs-review,
marked,2,,https://aslsignbank.haskins.yale.edu/signs/search/?translation=marked,https://www.signasl.org/sign/marked,needs-review,
materials,1,,https://aslsignbank.haskins.yale.edu/signs/search/?translation=materials,https://www.signasl.org/sign/materials,needs-review,
may,1,,https://aslsignbank.haskins.yale.edu/signs/search/?translation=may,https://www.signasl.org/sign/may,needs-review,
meet,1,,https://aslsignbank.haskins.yale.edu/signs/search/?translation=meet,https://www.signasl.org/sign/meet,needs-review,
messaging,1,,https://aslsignbank.haskins.yale.edu/signs/search/?translation=messaging,https://www.signasl.org/sign/messaging,needs-review,
metal,1,,https://aslsignbank.haskins.yale.edu/signs/search/?translation=metal,https://www.signasl.org/sign/metal,needs-review,
mic,4,,https://aslsignbank.haskins.yale.edu/signs/search/?translation=mic,https://www.signasl.org/sign/mic,needs-review,
microphones,1,,https://aslsignbank.haskins.yale.edu/signs/search/?translation=microphones,https://www.signasl.org/sign/microphones,needs-review,
middle,1,,https://aslsignbank.haskins.yale.edu/signs/search/?translation=middle,https://www.signasl.org/sign/middle,needs-review,
mind,1,,https://aslsignbank.haskins.yale.edu/signs/search/?translation=mind,https://www.signasl.org/sign/mind,needs-review,
mindful,1,,https://aslsignbank.haskins.yale.edu/signs/search/?translation=mindful,https://www.signasl.org/sign/mindful,needs-review,
mobile,1,,https://aslsignbank.haskins.yale.edu/signs/search/?translation=mobile,https://www.signasl.org/sign/mobile,needs-review,
mobility,3,,https://aslsignbank.haskins.yale.edu/signs/search/?translation=mobility,https://www.signasl.org/sign/mobility,needs-review,
mobilization,1,,https://aslsignbank.haskins.yale.edu/signs/search/?translation=mobilization,https://www.signasl.org/sign/mobilization,needs-review,
mobilizations,1,assets/words/mobilizations.mp4,https://aslsignbank.haskins.yale.edu/signs/search/?translation=mobilizations,https://www.signasl.org/sign/mobilizations,local-video-exists,Already mapped in complexWordVideos.
more,4,,https://aslsignbank.haskins.yale.edu/signs/search/?translation=more,https://www.signasl.org/sign/more,needs-review,
most,1,,https://aslsignbank.haskins.yale.edu/signs/search/?translation=most,https://www.signasl.org/sign/most,needs-review,
movement,1,,https://aslsignbank.haskins.yale.edu/signs/search/?translation=movement,https://www.signasl.org/sign/movement,needs-review,
much,1,,https://aslsignbank.haskins.yale.edu/signs/search/?translation=much,https://www.signasl.org/sign/much,needs-review,
national,1,,https://aslsignbank.haskins.yale.edu/signs/search/?translation=national,https://www.signasl.org/sign/national,needs-review,
near,2,,https://aslsignbank.haskins.yale.edu/signs/search/?translation=near,https://www.signasl.org/sign/near,needs-review,
need,3,,https://aslsignbank.haskins.yale.edu/signs/search/?translation=need,https://www.signasl.org/sign/need,needs-review,
needed,1,,https://aslsignbank.haskins.yale.edu/signs/search/?translation=needed,https://www.signasl.org/sign/needed,needs-review,
neurodiverse,1,,https://aslsignbank.haskins.yale.edu/signs/search/?translation=neurodiverse,https://www.signasl.org/sign/neurodiverse,needs-review,
no,2,,https://aslsignbank.haskins.yale.edu/signs/search/?translation=no,https://www.signasl.org/sign/no,needs-review,
nobody,1,,https://aslsignbank.haskins.yale.edu/signs/search/?translation=nobody,https://www.signasl.org/sign/nobody,needs-review,
not,2,,https://aslsignbank.haskins.yale.edu/signs/search/?translation=not,https://www.signasl.org/sign/not,needs-review,
note,1,,https://aslsignbank.haskins.yale.edu/signs/search/?translation=note,https://www.signasl.org/sign/note,needs-review,
number,1,,https://aslsignbank.haskins.yale.edu/signs/search/?translation=number,https://www.signasl.org/sign/number,needs-review,
of,21,,https://aslsignbank.haskins.yale.edu/signs/search/?translation=of,https://www.signasl.org/sign/of,needs-review,
offer,1,,https://aslsignbank.haskins.yale.edu/signs/search/?translation=offer,https://www.signasl.org/sign/offer,needs-review,
often,1,,https://aslsignbank.haskins.yale.edu/signs/search/?translation=often,https://www.signasl.org/sign/often,needs-review,
on,2,,https://aslsignbank.haskins.yale.edu/signs/search/?translation=on,https://www.signasl.org/sign/on,needs-review,
one,3,,https://aslsignbank.haskins.yale.edu/signs/search/?translation=one,https://www.signasl.org/sign/one,needs-review,
opendyslexic,1,,https://aslsignbank.haskins.yale.edu/signs/search/?translation=opendyslexic,https://www.signasl.org/sign/opendyslexic,needs-review,
or,8,,https://aslsignbank.haskins.yale.edu/signs/search/?translation=or,https://www.signasl.org/sign/or,needs-review,
organize,2,,https://aslsignbank.haskins.yale.edu/signs/search/?translation=organize,https://www.signasl.org/sign/organize,needs-review,
originally,1,,https://aslsignbank.haskins.yale.edu/signs/search/?translation=originally,https://www.signasl.org/sign/originally,needs-review,
others,2,,https://aslsignbank.haskins.yale.edu/signs/search/?translation=others,https://www.signasl.org/sign/others,needs-review,
our,1,,https://aslsignbank.haskins.yale.edu/signs/search/?translation=our,https://www.signasl.org/sign/our,needs-review,
out,2,,https://aslsignbank.haskins.yale.edu/signs/search/?translation=out,https://www.signasl.org/sign/out,needs-review,
pace,2,,https://aslsignbank.haskins.yale.edu/signs/search/?translation=pace,https://www.signasl.org/sign/pace,needs-review,
part,1,,https://aslsignbank.haskins.yale.edu/signs/search/?translation=part,https://www.signasl.org/sign/part,needs-review,
participants,3,,https://aslsignbank.haskins.yale.edu/signs/search/?translation=participants,https://www.signasl.org/sign/participants,needs-review,
particularly,1,,https://aslsignbank.haskins.yale.edu/signs/search/?translation=particularly,https://www.signasl.org/sign/particularly,needs-review,
patronizing,1,,https://aslsignbank.haskins.yale.edu/signs/search/?translation=patronizing,https://www.signasl.org/sign/patronizing,needs-review,
people,16,,https://aslsignbank.haskins.yale.edu/signs/search/?translation=people,https://www.signasl.org/sign/people,needs-review,
perceive,1,,https://aslsignbank.haskins.yale.edu/signs/search/?translation=perceive,https://www.signasl.org/sign/perceive,needs-review,
person,1,,https://aslsignbank.haskins.yale.edu/signs/search/?translation=person,https://www.signasl.org/sign/person,needs-review,
phone,1,,https://aslsignbank.haskins.yale.edu/signs/search/?translation=phone,https://www.signasl.org/sign/phone,needs-review,
planet,2,,https://aslsignbank.haskins.yale.edu/signs/search/?translation=planet,https://www.signasl.org/sign/planet,needs-review,
point,1,,https://aslsignbank.haskins.yale.edu/signs/search/?translation=point,https://www.signasl.org/sign/point,needs-review,
police,5,,https://aslsignbank.haskins.yale.edu/signs/search/?translation=police,https://www.signasl.org/sign/police,needs-review,
political,1,,https://aslsignbank.haskins.yale.edu/signs/search/?translation=political,https://www.signasl.org/sign/political,needs-review,
possible,2,,https://aslsignbank.haskins.yale.edu/signs/search/?translation=possible,https://www.signasl.org/sign/possible,needs-review,
precarious,1,,https://aslsignbank.haskins.yale.edu/signs/search/?translation=precarious,https://www.signasl.org/sign/precarious,needs-review,
pregnant,1,,https://aslsignbank.haskins.yale.edu/signs/search/?translation=pregnant,https://www.signasl.org/sign/pregnant,needs-review,
presidential,1,,https://aslsignbank.haskins.yale.edu/signs/search/?translation=presidential,https://www.signasl.org/sign/presidential,needs-review,
print,1,,https://aslsignbank.haskins.yale.edu/signs/search/?translation=print,https://www.signasl.org/sign/print,needs-review,
problem,1,,https://aslsignbank.haskins.yale.edu/signs/search/?translation=problem,https://www.signasl.org/sign/problem,needs-review,
protecting,1,,https://aslsignbank.haskins.yale.edu/signs/search/?translation=protecting,https://www.signasl.org/sign/protecting,needs-review,
proven,1,,https://aslsignbank.haskins.yale.edu/signs/search/?translation=proven,https://www.signasl.org/sign/proven,needs-review,
provide,4,,https://aslsignbank.haskins.yale.edu/signs/search/?translation=provide,https://www.signasl.org/sign/provide,needs-review,
public,1,,https://aslsignbank.haskins.yale.edu/signs/search/?translation=public,https://www.signasl.org/sign/public,needs-review,
quadrants,1,,https://aslsignbank.haskins.yale.edu/signs/search/?translation=quadrants,https://www.signasl.org/sign/quadrants,needs-review,
rallies,1,,https://aslsignbank.haskins.yale.edu/signs/search/?translation=rallies,https://www.signasl.org/sign/rallies,needs-review,
rally,1,,https://aslsignbank.haskins.yale.edu/signs/search/?translation=rally,https://www.signasl.org/sign/rally,needs-review,
readability,1,,https://aslsignbank.haskins.yale.edu/signs/search/?translation=readability,https://www.signasl.org/sign/readability,needs-review,
recommendations,1,assets/words/recommendations.mp4,https://aslsignbank.haskins.yale.edu/signs/search/?translation=recommendations,https://www.signasl.org/sign/recommendations,local-video-exists,Already mapped in complexWordVideos.
relationships,1,,https://aslsignbank.haskins.yale.edu/signs/search/?translation=relationships,https://www.signasl.org/sign/relationships,needs-review,
rent,1,,https://aslsignbank.haskins.yale.edu/signs/search/?translation=rent,https://www.signasl.org/sign/rent,needs-review,
require,1,,https://aslsignbank.haskins.yale.edu/signs/search/?translation=require,https://www.signasl.org/sign/require,needs-review,
respect,1,,https://aslsignbank.haskins.yale.edu/signs/search/?translation=respect,https://www.signasl.org/sign/respect,needs-review,
respectful,1,,https://aslsignbank.haskins.yale.edu/signs/search/?translation=respectful,https://www.signasl.org/sign/respectful,needs-review,
responsible,1,,https://aslsignbank.haskins.yale.edu/signs/search/?translation=responsible,https://www.signasl.org/sign/responsible,needs-review,
responsive,1,,https://aslsignbank.haskins.yale.edu/signs/search/?translation=responsive,https://www.signasl.org/sign/responsive,needs-review,
right,1,,https://aslsignbank.haskins.yale.edu/signs/search/?translation=right,https://www.signasl.org/sign/right,needs-review,
role,1,,https://aslsignbank.haskins.yale.edu/signs/search/?translation=role,https://www.signasl.org/sign/role,needs-review,
room,1,,https://aslsignbank.haskins.yale.edu/signs/search/?translation=room,https://www.signasl.org/sign/room,needs-review,
route,5,,https://aslsignbank.haskins.yale.edu/signs/search/?translation=route,https://www.signasl.org/sign/route,needs-review,
run,1,,https://aslsignbank.haskins.yale.edu/signs/search/?translation=run,https://www.signasl.org/sign/run,needs-review,
safeguarding,1,,https://aslsignbank.haskins.yale.edu/signs/search/?translation=safeguarding,https://www.signasl.org/sign/safeguarding,needs-review,
safety,1,,https://aslsignbank.haskins.yale.edu/signs/search/?translation=safety,https://www.signasl.org/sign/safety,needs-review,
sans,2,,https://aslsignbank.haskins.yale.edu/signs/search/?translation=sans,https://www.signasl.org/sign/sans,needs-review,
scent,1,,https://aslsignbank.haskins.yale.edu/signs/search/?translation=scent,https://www.signasl.org/sign/scent,needs-review,
scooters,1,,https://aslsignbank.haskins.yale.edu/signs/search/?translation=scooters,https://www.signasl.org/sign/scooters,needs-review,
seating,3,,https://aslsignbank.haskins.yale.edu/signs/search/?translation=seating,https://www.signasl.org/sign/seating,needs-review,
serif,1,,https://aslsignbank.haskins.yale.edu/signs/search/?translation=serif,https://www.signasl.org/sign/serif,needs-review,
set,1,,https://aslsignbank.haskins.yale.edu/signs/search/?translation=set,https://www.signasl.org/sign/set,needs-review,
shifted,1,,https://aslsignbank.haskins.yale.edu/signs/search/?translation=shifted,https://www.signasl.org/sign/shifted,needs-review,
should,5,,https://aslsignbank.haskins.yale.edu/signs/search/?translation=should,https://www.signasl.org/sign/should,needs-review,
since,1,,https://aslsignbank.haskins.yale.edu/signs/search/?translation=since,https://www.signasl.org/sign/since,needs-review,
sit,1,,https://aslsignbank.haskins.yale.edu/signs/search/?translation=sit,https://www.signasl.org/sign/sit,needs-review,
skills,2,,https://aslsignbank.haskins.yale.edu/signs/search/?translation=skills,https://www.signasl.org/sign/skills,needs-review,
sole,1,,https://aslsignbank.haskins.yale.edu/signs/search/?translation=sole,https://www.signasl.org/sign/sole,needs-review,
solving,1,,https://aslsignbank.haskins.yale.edu/signs/search/?translation=solving,https://www.signasl.org/sign/solving,needs-review,
some,1,,https://aslsignbank.haskins.yale.edu/signs/search/?translation=some,https://www.signasl.org/sign/some,needs-review,
sovereignty,1,,https://aslsignbank.haskins.yale.edu/signs/search/?translation=sovereignty,https://www.signasl.org/sign/sovereignty,needs-review,
space,1,,https://aslsignbank.haskins.yale.edu/signs/search/?translation=space,https://www.signasl.org/sign/space,needs-review,
spaces,1,,https://aslsignbank.haskins.yale.edu/signs/search/?translation=spaces,https://www.signasl.org/sign/spaces,needs-review,
spread,1,,https://aslsignbank.haskins.yale.edu/signs/search/?translation=spread,https://www.signasl.org/sign/spread,needs-review,
stand,1,,https://aslsignbank.haskins.yale.edu/signs/search/?translation=stand,https://www.signasl.org/sign/stand,needs-review,
standing,1,,https://aslsignbank.haskins.yale.edu/signs/search/?translation=standing,https://www.signasl.org/sign/standing,needs-review,
station,1,,https://aslsignbank.haskins.yale.edu/signs/search/?translation=station,https://www.signasl.org/sign/station,needs-review,
stationed,1,,https://aslsignbank.haskins.yale.edu/signs/search/?translation=stationed,https://www.signasl.org/sign/stationed,needs-review,
stations,1,,https://aslsignbank.haskins.yale.edu/signs/search/?translation=stations,https://www.signasl.org/sign/stations,needs-review,
stimulation,1,,https://aslsignbank.haskins.yale.edu/signs/search/?translation=stimulation,https://www.signasl.org/sign/stimulation,needs-review,
strategies,1,,https://aslsignbank.haskins.yale.edu/signs/search/?translation=strategies,https://www.signasl.org/sign/strategies,needs-review,
strategize,1,,https://aslsignbank.haskins.yale.edu/signs/search/?translation=strategize,https://www.signasl.org/sign/strategize,needs-review,
strengths,1,,https://aslsignbank.haskins.yale.edu/signs/search/?translation=strengths,https://www.signasl.org/sign/strengths,needs-review,
such,4,,https://aslsignbank.haskins.yale.edu/signs/search/?translation=such,https://www.signasl.org/sign/such,needs-review,
suggestions,4,,https://aslsignbank.haskins.yale.edu/signs/search/?translation=suggestions,https://www.signasl.org/sign/suggestions,needs-review,
support,1,,https://aslsignbank.haskins.yale.edu/signs/search/?translation=support,https://www.signasl.org/sign/support,needs-review,
sure,1,,https://aslsignbank.haskins.yale.edu/signs/search/?translation=sure,https://www.signasl.org/sign/sure,needs-review,
tails,1,,https://aslsignbank.haskins.yale.edu/signs/search/?translation=tails,https://www.signasl.org/sign/tails,needs-review,
talkies,1,,https://aslsignbank.haskins.yale.edu/signs/search/?translation=talkies,https://www.signasl.org/sign/talkies,needs-review,
target,2,,https://aslsignbank.haskins.yale.edu/signs/search/?translation=target,https://www.signasl.org/sign/target,needs-review,
team,1,,https://aslsignbank.haskins.yale.edu/signs/search/?translation=team,https://www.signasl.org/sign/team,needs-review,
tent,1,,https://aslsignbank.haskins.yale.edu/signs/search/?translation=tent,https://www.signasl.org/sign/tent,needs-review,
than,1,,https://aslsignbank.haskins.yale.edu/signs/search/?translation=than,https://www.signasl.org/sign/than,needs-review,
that,10,,https://aslsignbank.haskins.yale.edu/signs/search/?translation=that,https://www.signasl.org/sign/that,needs-review,
the,40,,https://aslsignbank.haskins.yale.edu/signs/search/?translation=the,https://www.signasl.org/sign/the,needs-review,
their,5,,https://aslsignbank.haskins.yale.edu/signs/search/?translation=their,https://www.signasl.org/sign/their,needs-review,
them,5,,https://aslsignbank.haskins.yale.edu/signs/search/?translation=them,https://www.signasl.org/sign/them,needs-review,
there,1,,https://aslsignbank.haskins.yale.edu/signs/search/?translation=there,https://www.signasl.org/sign/there,needs-review,
these,5,,https://aslsignbank.haskins.yale.edu/signs/search/?translation=these,https://www.signasl.org/sign/these,needs-review,
they,2,,https://aslsignbank.haskins.yale.edu/signs/search/?translation=they,https://www.signasl.org/sign/they,needs-review,
think,1,,https://aslsignbank.haskins.yale.edu/signs/search/?translation=think,https://www.signasl.org/sign/think,needs-review,
this,4,,https://aslsignbank.haskins.yale.edu/signs/search/?translation=this,https://www.signasl.org/sign/this,needs-review,
through,1,,https://aslsignbank.haskins.yale.edu/signs/search/?translation=through,https://www.signasl.org/sign/through,needs-review,
throughout,3,,https://aslsignbank.haskins.yale.edu/signs/search/?translation=throughout,https://www.signasl.org/sign/throughout,needs-review,
time,4,,https://aslsignbank.haskins.yale.edu/signs/search/?translation=time,https://www.signasl.org/sign/time,needs-review,
times,1,,https://aslsignbank.haskins.yale.edu/signs/search/?translation=times,https://www.signasl.org/sign/times,needs-review,
to,18,,https://aslsignbank.haskins.yale.edu/signs/search/?translation=to,https://www.signasl.org/sign/to,needs-review,
together,2,,https://aslsignbank.haskins.yale.edu/signs/search/?translation=together,https://www.signasl.org/sign/together,needs-review,
touch,1,,https://aslsignbank.haskins.yale.edu/signs/search/?translation=touch,https://www.signasl.org/sign/touch,needs-review,
trying,1,,https://aslsignbank.haskins.yale.edu/signs/search/?translation=trying,https://www.signasl.org/sign/trying,needs-review,
under,1,,https://aslsignbank.haskins.yale.edu/signs/search/?translation=under,https://www.signasl.org/sign/under,needs-review,
understanding,1,,https://aslsignbank.haskins.yale.edu/signs/search/?translation=understanding,https://www.signasl.org/sign/understanding,needs-review,
us,5,,https://aslsignbank.haskins.yale.edu/signs/search/?translation=us,https://www.signasl.org/sign/us,needs-review,
use,2,,https://aslsignbank.haskins.yale.edu/signs/search/?translation=use,https://www.signasl.org/sign/use,needs-review,
used,1,,https://aslsignbank.haskins.yale.edu/signs/search/?translation=used,https://www.signasl.org/sign/used,needs-review,
useful,3,,https://aslsignbank.haskins.yale.edu/signs/search/?translation=useful,https://www.signasl.org/sign/useful,needs-review,
vans,1,,https://aslsignbank.haskins.yale.edu/signs/search/?translation=vans,https://www.signasl.org/sign/vans,needs-review,
vehicles,1,,https://aslsignbank.haskins.yale.edu/signs/search/?translation=vehicles,https://www.signasl.org/sign/vehicles,needs-review,
verbal,1,,https://aslsignbank.haskins.yale.edu/signs/search/?translation=verbal,https://www.signasl.org/sign/verbal,needs-review,
versions,1,,https://aslsignbank.haskins.yale.edu/signs/search/?translation=versions,https://www.signasl.org/sign/versions,needs-review,
visibility,1,,https://aslsignbank.haskins.yale.edu/signs/search/?translation=visibility,https://www.signasl.org/sign/visibility,needs-review,
volunteers,1,,https://aslsignbank.haskins.yale.edu/signs/search/?translation=volunteers,https://www.signasl.org/sign/volunteers,needs-review,
walkie,1,,https://aslsignbank.haskins.yale.edu/signs/search/?translation=walkie,https://www.signasl.org/sign/walkie,needs-review,
we,7,,https://aslsignbank.haskins.yale.edu/signs/search/?translation=we,https://www.signasl.org/sign/we,needs-review,
weak,1,,https://aslsignbank.haskins.yale.edu/signs/search/?translation=weak,https://www.signasl.org/sign/weak,needs-review,
wear,1,,https://aslsignbank.haskins.yale.edu/signs/search/?translation=wear,https://www.signasl.org/sign/wear,needs-review,
well,1,,https://aslsignbank.haskins.yale.edu/signs/search/?translation=well,https://www.signasl.org/sign/well,needs-review,
what,3,,https://aslsignbank.haskins.yale.edu/signs/search/?translation=what,https://www.signasl.org/sign/what,needs-review,
wheelchairs,2,,https://aslsignbank.haskins.yale.edu/signs/search/?translation=wheelchairs,https://www.signasl.org/sign/wheelchairs,needs-review,
where,3,,https://aslsignbank.haskins.yale.edu/signs/search/?translation=where,https://www.signasl.org/sign/where,needs-review,
which,1,,https://aslsignbank.haskins.yale.edu/signs/search/?translation=which,https://www.signasl.org/sign/which,needs-review,
who,6,,https://aslsignbank.haskins.yale.edu/signs/search/?translation=who,https://www.signasl.org/sign/who,needs-review,
whose,1,,https://aslsignbank.haskins.yale.edu/signs/search/?translation=whose,https://www.signasl.org/sign/whose,needs-review,
why,1,,https://aslsignbank.haskins.yale.edu/signs/search/?translation=why,https://www.signasl.org/sign/why,needs-review,
will,4,,https://aslsignbank.haskins.yale.edu/signs/search/?translation=will,https://www.signasl.org/sign/will,needs-review,
with,14,,https://aslsignbank.haskins.yale.edu/signs/search/?translation=with,https://www.signasl.org/sign/with,needs-review,
without,2,,https://aslsignbank.haskins.yale.edu/signs/search/?translation=without,https://www.signasl.org/sign/without,needs-review,
work,1,,https://aslsignbank.haskins.yale.edu/signs/search/?translation=work,https://www.signasl.org/sign/work,needs-review,
written,1,,https://aslsignbank.haskins.yale.edu/signs/search/?translation=written,https://www.signasl.org/sign/written,needs-review,
you,1,,https://aslsignbank.haskins.yale.edu/signs/search/?translation=you,https://www.signasl.org/sign/you,needs-review,
your,2,,https://aslsignbank.haskins.yale.edu/signs/search/?translation=your,https://www.signasl.org/sign/your,needs-review,
